category,products_in_category,category_revenue,category_profit,avg_profit_margin,total_units_sold
Electronics,6,19839.43,5809.43,37.99666666666667,57.0
Clothing,6,7904.12,4041.12,51.36666666666667,88.0
Home,4,4649.460000000001,2324.46,49.9925,54.0
Sports,4,2554.45,1239.4499999999998,48.2,55.0
